Id;Code;Name
2;1000;Brussel
3;1000;Bruxelles
4;1005;Ass. Réun. Com. Communau. Commune
5;1005;Brusselse Hoofdstedelijke Raad
6;1005;Conseil Region Bruxelles-Capitale
7;1005;Ver.Verg.Gemeensch.Gemeensch.Comm.
8;1006;Raad Vlaamse Gemeenschapscommissie
9;1007;Ass. Commiss. Communau. française
10;1008;Chambre des Représentants
11;1008;Kamer van Volksvertegenwoordigers
12;1009;Belgische Senaat
13;1009;Senat de Belgique
14;1010;Cité Administrative de l'Etat
15;1010;Rijksadministratief Centrum
16;1011;Vlaamse Raad - Vlaams Parlement
17;1012;Parlement de la Communauté française
18;1020;Brussel (Laken)
19;1020;Bruxelles (Laeken)
20;1020;Laeken (Bruxelles)
21;1020;Laken (Brussel)
22;1030;Brussel (Schaarbeek)
23;1030;Bruxelles (Schaerbeek)
24;1030;Schaarbeek
25;1030;Schaerbeek
26;1031;Christelijke Sociale Organisaties
27;1031;Organisations Sociales Chrétiennes
28;1040;Brussel (Etterbeek)
29;1040;Bruxelles (Etterbeek)
30;1040;Etterbeek
31;1041;International Press Center
32;1043;VRT
33;1044;RTBF
34;1045;D.I.V.
35;1047;Europees Parlement
36;1047;Parlement Européen
37;1048;E.U.-Raad
38;1048;U.E.-Conseil
39;1049;E.U.-Commissie
40;1049;U.E.-Commission
41;1050;Brussel (Elsene)
42;1050;Bruxelles (Ixelles)
43;1050;Elsene
44;1050;Ixelles
45;1060;Brussel (Sint-Gillis)
46;1060;Bruxelles (Saint-Gilles)
47;1060;Saint-Gilles
48;1060;Sint-Gillis
49;1070;Anderlecht
50;1070;Brussel (Anderlecht)
51;1070;Bruxelles (Anderlecht)
52;1080;Brussel (Sint-Jans-Molenbeek)
53;1080;Bruxelles (Molenbeek-Saint-Jean)
54;1080;Molenbeek-Saint-Jean
55;1080;Sint-Jans-Molenbeek
56;1081;Brussel (Koekelberg)
57;1081;Bruxelles (Koekelberg)
58;1081;Koekelberg
59;1082;Berchem-Sainte-Agathe
60;1082;Brussel (Sint-Agatha-Berchem)
61;1082;Bruxelles (Berchem-Sainte-Agathe)
62;1082;Sint-Agatha-Berchem
63;1083;Brussel (Ganshoren)
64;1083;Bruxelles (Ganshoren)
65;1083;Ganshoren
66;1090;Brussel (Jette)
67;1090;Bruxelles (Jette)
68;1090;Jette
69;1100;Postcheque
70;1105;SOC
71;1110;NAVO - NATO
72;1110;OTAN - NATO
73;1120;Brussel (Neder-Over-Heembeek)
74;1120;Bruxelles (Neder-Over-Heembeek)
75;1120;Neder-Over-Heembeek (Bru.)
76;1130;Brussel (Haren)
77;1130;Bruxelles (Haeren)
78;1130;Haren (Bruxelles)
79;1130;Haren (Brussel)
80;1140;Brussel (Evere)
81;1140;Bruxelles (Evere)
82;1140;Evere
83;1150;Brussel (Sint-Pieters-Woluwe)
84;1150;Bruxelles (Woluwe-Saint-Pierre)
85;1150;Sint-Pieters-Woluwe
86;1150;Woluwe-Saint-Pierre
87;1160;Auderghem
88;1160;Brussel (Oudergem)
89;1160;Bruxelles (Auderghem)
90;1160;Oudergem
91;1170;Brussel (Watermaal-Bosvoorde)
92;1170;Bruxelles (Watermael-Boitsfort)
93;1170;Watermaal-Bosvoorde
94;1170;Watermael-Boitsfort
95;1180;Brussel (Ukkel)
96;1180;Bruxelles (Uccle)
97;1180;Uccle
98;1180;Ukkel
99;1190;Brussel (Vorst)
100;1190;Bruxelles (Forest)
101;1190;Forest
102;1190;Vorst
103;1200;Brussel (Sint-Lambrechts-Woluwe)
104;1200;Bruxelles (Woluwe-Saint-Lambert)
105;1200;Sint-Lambrechts-Woluwe
106;1200;Woluwe-Saint-Lambert
107;1201;R.T.L. - T.V.I.
108;1210;Brussel (Sint-Joost-ten-Node)
109;1210;Bruxelles (Saint-Josse-ten-Noode)
110;1210;Saint-Josse-ten-Noode
111;1210;Sint-Joost-ten-Node
112;1212;FOD Mobiliteit
113;1212;SPF Mobilité
114;1300;Limal
115;1300;Wavre
116;1301;Bierges
117;1310;La Hulpe
118;1315;Glimes
119;1315;Incourt
120;1315;Opprebais
121;1315;Piètrebais
122;1315;Roux-Miroir
123;1320;Beauvechain
124;1320;Hamme-Mille
125;1320;l'Ecluse
126;1320;Nodebais
127;1320;Tourinnes-la-Grosse
128;1325;Bonlez
129;1325;Chaumont-Gistoux
130;1325;Corroy-le-Grand
131;1325;Dion-Valmont
132;1325;Longueville
133;1330;Rixensart
134;1331;Rosières
135;1332;Genval
136;1340;Ottignies
137;1340;Ottignies-Louvain-la-Neuve
138;1341;Céroux-Mousty
139;1342;Limelette
140;1348;Louvain-la-Neuve
141;1350;Enines
142;1350;Folx-les-Caves
143;1350;Jandrain-Jandrenouille
144;1350;Jauche
145;1350;Marilles
146;1350;Noduwez
147;1350;Orp-Jauche
148;1350;Orp-le-Grand
149;1357;Hélécine
150;1357;Linsmeau
151;1357;Neerheylissem
152;1357;Opheylissem
153;1360;Malèves-Sainte-Marie-Wastines
154;1360;Orbais
155;1360;Perwez
156;1360;Thorembais-les-Béguines
157;1360;Thorembais-Saint-Trond
158;1367;Autre-Eglise
159;1367;Bomal (Bt.)
160;1367;Geest-Gérompont-Petit-Rosière
161;1367;Gérompont
162;1367;Grand-Rosière-Hottomont
163;1367;Huppaye
164;1367;Mont-Saint-André
165;1367;Ramillies
166;1370;Dongelberg
167;1370;Jauchelette
168;1370;Jodoigne
169;1370;Jodoigne-Souveraine
170;1370;Lathuy
171;1370;Mélin
172;1370;Piétrain
173;1370;Saint-Jean-Geest
174;1370;Saint-Remy-Geest
175;1370;Zétrud-Lumay
176;1380;Couture-Saint-Germain
177;1380;Lasne
178;1380;Lasne-Chapelle-Saint-Lambert
179;1380;Maransart
180;1380;Ohain
181;1380;Plancenoit
182;1390;Archennes
183;1390;Biez
184;1390;Bossut-Gottechain
185;1390;Grez-Doiceau
186;1390;Nethen
187;1400;Monstreux
188;1400;Nivelles
189;1401;Baulers
190;1402;Thines
191;1404;Bornival
192;1410;Waterloo
193;1414;Promo-Control
194;1420;Braine-l'Alleud
195;1421;Ophain-Bois-Seigneur-Isaac
196;1428;Lillois-Witterzée
197;1430;Bierghes
198;1430;Quenast
199;1430;Rebecq
200;1430;Rebecq-Rognon
201;1435;Corbais
202;1435;Hévillers
203;1435;Mont-Saint-Guibert
204;1440;Braine-le-Château
205;1440;Wauthier-Braine
206;1450;Chastre
207;1450;Chastre-Villeroux-Blanmont
208;1450;Cortil-Noirmont
209;1450;Gentinnes
210;1450;Saint-Géry
211;1457;Nil-Saint-Vincent-Saint-Martin
212;1457;Tourinnes-Saint-Lambert
213;1457;Walhain
214;1457;Walhain-Saint-Paul
215;1460;Ittre
216;1460;Virginal-Samme
217;1461;Haut-Ittre
218;1470;Baisy-Thy
219;1470;Bousval
220;1470;Genappe
221;1471;Loupoigne
222;1472;Vieux-Genappe
223;1473;Glabais
224;1474;Ways
225;1476;Houtain-le-Val
226;1480;Clabecq
227;1480;Oisquercq
228;1480;Saintes
229;1480;Tubize
230;1490;Court-Saint-Etienne
231;1495;Marbais (Bt.)
232;1495;Mellery
233;1495;Sart-Dames-Avelines
234;1495;Tilly
235;1495;Villers-la-Ville
236;1500;Halle
237;1501;Buizingen
238;1502;Lembeek
239;1540;Herfelingen
240;1540;Herne
241;1541;Sint-Pieters-Kapelle (Bt.)
242;1547;Bever
243;1547;Bievene
244;1560;Hoeilaart
245;1570;Galmaarden
246;1570;Tollembeek
247;1570;Vollezele
248;1600;Oudenaken
249;1600;Sint-Laureins-Berchem
250;1600;Sint-Pieters-Leeuw
251;1601;Ruisbroek (Bt.)
252;1602;Vlezenbeek
253;1620;Drogenbos
254;1630;Linkebeek
255;1640;Rhode-Saint-Genese
256;1640;Sint-Genesius-Rode
257;1650;Beersel
258;1651;Lot
259;1652;Alsemberg
260;1653;Dworp
261;1654;Huizingen
262;1670;Bogaarden
263;1670;Heikruis
264;1670;Pepingen
265;1671;Elingen
266;1673;Beert
267;1674;Bellingen
268;1700;Dilbeek
269;1700;Sint-Martens-Bodegem
270;1700;Sint-Ulriks-Kapelle
271;1701;Itterbeek
272;1702;Groot-Bijgaarden
273;1703;Schepdaal
274;1730;Asse
275;1730;Bekkerzeel
276;1730;Kobbegem
277;1730;Mollem
278;1731;Relegem
279;1731;Zellik
280;1740;Ternat
281;1741;Wambeek
282;1742;Sint-Katherina-Lombeek
283;1745;Mazenzele
284;1745;Opwijk
285;1750;Gaasbeek
286;1750;Lennik
287;1750;Sint-Kwintens-Lennik
288;1750;Sint-Martens-Lennik
289;1755;Gooik
290;1755;Kester
291;1755;Leerbeek
292;1755;Oetingen
293;1760;Onze-Lieve-Vrouw-Lombeek
294;1760;Pamel
295;1760;Roosdaal
296;1760;Strijtem
297;1761;Borchtlombeek
298;1770;Liedekerke
299;1780;Wemmel
300;1785;Brussegem
301;1785;Hamme (Bt.)
302;1785;Merchtem
303;1790;Affligem
304;1790;Essene
305;1790;Hekelgem
306;1790;Teralfene
307;1800;Peutie
308;1800;Vilvoorde
309;1804;Cargovil
310;1818;VTM
311;1820;Melsbroek
312;1820;Perk
313;1820;Steenokkerzeel
314;1830;Machelen (Bt.)
315;1831;Diegem
316;1840;Londerzeel
317;1840;Malderen
318;1840;Steenhuffel
319;1850;Grimbergen
320;1851;Humbeek
321;1852;Beigem
322;1853;Strombeek-Bever
323;1860;Meise
324;1861;Wolvertem
325;1880;Kapelle-op-den-Bos
326;1880;Nieuwenrode
327;1880;Ramsdonk
328;1910;Berg (Bt.)
329;1910;Buken
330;1910;Kampenhout
331;1910;Nederokkerzeel
332;1930;Nossegem
333;1930;Zaventem
334;1931;Brucargo
335;1932;Sint-Stevens-Woluwe
336;1933;Sterrebeek
337;1934;Brussel X-Luchthaven Remailing
338;1934;Bruxelles X-Aeroport Remailing
339;1950;Kraainem
340;1970;Wezembeek-Oppem
341;1980;Eppegem
342;1980;Zemst
343;1981;Hofstade (Bt.)
344;1982;Elewijt
345;1982;Weerde
346;2000;Antwerpen
347;2018;Antwerpen
348;2020;Antwerpen
349;2030;Antwerpen
350;2040;Antwerpen
351;2040;Berendrecht
352;2040;Lillo
353;2040;Zandvliet
354;2050;Antwerpen
355;2060;Antwerpen
356;2070;Burcht
357;2070;Zwijndrecht
358;2100;Deurne (Antwerpen)
359;2110;Wijnegem
360;2140;Borgerhout (Antwerpen)
361;2150;Borsbeek (Antw.)
362;2160;Wommelgem
363;2170;Merksem (Antwerpen)
364;2180;Ekeren (Antwerpen)
365;2200;Herentals
366;2200;Morkhoven
367;2200;Noorderwijk
368;2220;Hallaar
369;2220;Heist-op-den-Berg
370;2221;Booischot
371;2222;Itegem
372;2222;Wiekevorst
373;2223;Schriek
374;2230;Herselt
375;2230;Ramsel
376;2235;Houtvenne
377;2235;Hulshout
378;2235;Westmeerbeek
379;2240;Massenhoven
380;2240;Viersel
381;2240;Zandhoven
382;2242;Pulderbos
383;2243;Pulle
384;2250;Olen
385;2260;Oevel
386;2260;Tongerlo (Antw.)
387;2260;Westerlo
388;2260;Zoerle-Parwijs
389;2270;Herenthout
390;2275;Gierle
391;2275;Lille
392;2275;Poederlee
393;2275;Wechelderzande
394;2280;Grobbendonk
395;2288;Bouwel
396;2290;Vorselaar
397;2300;Turnhout
398;2310;Rijkevorsel
399;2320;Hoogstraten
400;2321;Meer
401;2322;Minderhout
402;2323;Wortel
403;2328;Meerle
404;2330;Merksplas
405;2340;Beerse
406;2340;Vlimmeren
407;2350;Vosselaar
408;2360;Oud-Turnhout
409;2370;Arendonk
410;2380;Ravels
411;2381;Weelde
412;2382;Poppel
413;2387;Baarle-Hertog
414;2390;Malle
415;2390;Oostmalle
416;2390;Westmalle
417;2400;Mol
418;2430;Eindhout
419;2430;Laakdal
420;2430;Vorst (Kempen)
421;2431;Varendonk
422;2431;Veerle
423;2440;Geel
424;2450;Meerhout
425;2460;Kasterlee
426;2460;Lichtaart
427;2460;Tielen
428;2470;Retie
429;2480;Dessel
430;2490;Balen
431;2491;Olmen
432;2500;Koningshooikt
433;2500;Lier
434;2520;Broechem
435;2520;Emblem
436;2520;Oelegem
437;2520;Ranst
438;2530;Boechout
439;2531;Vremde
440;2540;Hove
441;2547;Lint
442;2550;Kontich
443;2550;Waarloos
444;2560;Bevel
445;2560;Kessel
446;2560;Nijlen
447;2570;Duffel
448;2580;Beerzel
449;2580;Putte
450;2590;Berlaar
451;2590;Gestel
452;2600;Berchem (Antwerpen)
453;2610;Wilrijk (Antwerpen)
454;2620;Hemiksem
455;2627;Schelle
456;2630;Aartselaar
457;2640;Mortsel
458;2650;Edegem
459;2660;Hoboken (Antwerpen)
460;2800;Mechelen
461;2800;Walem
462;2801;Heffen
463;2811;Hombeek
464;2811;Leest
465;2812;Muizen (Mechelen)
466;2820;Bonheiden
467;2820;Rijmenam
468;2830;Blaasveld
469;2830;Heindonk
470;2830;Tisselt
471;2830;Willebroek
472;2840;Reet
473;2840;Rumst
474;2840;Terhagen
475;2845;Niel
476;2850;Boom
477;2860;Sint-Katelijne-Waver
478;2861;Onze-Lieve-Vrouw-Waver
479;2870;Breendonk
480;2870;Liezele
481;2870;Puurs
482;2870;Ruisbroek (Antw.)
483;2880;Bornem
484;2880;Hingene
485;2880;Mariekerke (Bornem)
486;2880;Weert
487;2890;Lippelo
488;2890;Oppuurs
489;2890;Sint-Amands
490;2900;Schoten
491;2910;Essen
492;2920;Kalmthout
493;2930;Brasschaat
494;2940;Hoevenen
495;2940;Stabroek
496;2950;Kapellen (Antw.)
497;2960;Brecht
498;2960;Sint-Job-in-'t-Goor
499;2960;Sint-Lenaarts
500;2970;'s Gravenwezel
501;2970;Schilde
502;2980;Halle (Kempen)
503;2980;Zoersel
504;2990;Loenhout
505;2990;Wuustwezel
506;3000;Leuven
507;3001;Heverlee
508;3010;Kessel-Lo (Leuven)
509;3012;Wilsele
510;3018;Wijgmaal (Brabant)
511;3020;Herent
512;3020;Veltem-Beisem
513;3020;Winksele
514;3040;Huldenberg
515;3040;Loonbeek
516;3040;Neerijse
517;3040;Ottenburg
518;3040;Sint-Agatha-Rode
519;3050;Oud-Heverlee
520;3051;Sint-Joris-Weert
521;3052;Blanden
522;3053;Haasrode
523;3054;Vaalbeek
524;3060;Bertem
525;3060;Korbeek-Dijle
526;3061;Leefdaal
527;3070;Kortenberg
528;3071;Erps-Kwerps
529;3078;Everberg
530;3078;Meerbeek
531;3080;Duisburg
532;3080;Tervuren
533;3080;Vossem
534;3090;Overijse
535;3110;Rotselaar
536;3111;Wezemaal
537;3118;Werchter
538;3120;Tremelo
539;3128;Baal
540;3130;Begijnendijk
541;3130;Betekom
542;3140;Keerbergen
543;3150;Haacht
544;3150;Tildonk
545;3150;Wespelaar
546;3190;Boortmeerbeek
547;3191;Hever
548;3200;Aarschot
549;3200;Gelrode
550;3201;Langdorp
551;3202;Rillaar
552;3210;Linden
553;3210;Lubbeek
554;3211;Binkom
555;3212;Pellenberg
556;3220;Holsbeek
557;3220;Kortrijk-Dutsel
558;3220;Sint-Pieters-Rode
559;3221;Nieuwrode
560;3270;Scherpenheuvel
561;3270;Scherpenheuvel-Zichem
562;3271;Averbode
563;3271;Zichem
564;3272;Messelbroek
565;3272;Testelt
566;3290;Deurne (Bt.)
567;3290;Diest
568;3290;Schaffen
569;3290;Webbekom
570;3293;Kaggevinne
571;3294;Molenstede
572;3300;Bost
573;3300;Goetsenhoven
574;3300;Hakendover
575;3300;Kumtich
576;3300;Oorbeek
577;3300;Oplinter
578;3300;Sint-Margriete-Houtem (Tienen)
579;3300;Tienen
580;3300;Vissenaken
581;3320;Hoegaarden
582;3320;Meldert (Bt.)
583;3321;Outgaarden
584;3350;Drieslinter
585;3350;Linter
586;3350;Melkwezer
587;3350;Neerhespen
588;3350;Neerlinter
589;3350;Orsmaal-Gussenhoven
590;3350;Overhespen
591;3350;Wommersom
592;3360;Bierbeek
593;3360;Korbeek-Lo
594;3360;Lovenjoel
595;3360;Opvelp
596;3370;Boutersem
597;3370;Kerkom
598;3370;Neervelp
599;3370;Roosbeek
600;3370;Vertrijk
601;3370;Willebringen
602;3380;Bunsbeek
603;3380;Glabbeek-Zuurbemde
604;3381;Kapellen (Bt.)
605;3384;Attenrode
606;3390;Houwaart
607;3390;Sint-Joris-Winge
608;3390;Tielt (Bt.)
609;3390;Tielt-Winge
610;3391;Meensel-Kiezegem
611;3400;Eliksem
612;3400;Ezemaal
613;3400;Laar
614;3400;Landen
615;3400;Neerwinden
616;3400;Overwinden
617;3400;Rumsdorp
618;3400;Wange
619;3401;Waasmont
620;3401;Walsbets
621;3401;Walshoutem
622;3401;Wezeren
623;3404;Attenhoven
624;3404;Neerlanden
625;3440;Budingen
626;3440;Dormaal
627;3440;Halle-Booienhoven
628;3440;Helen-Bos
629;3440;Zoutleeuw
630;3450;Geetbets
631;3450;Grazen
632;3454;Rummen
633;3460;Assent
634;3460;Bekkevoort
635;3461;Molenbeek-Wersbeek
636;3470;Kortenaken
637;3470;Ransberg
638;3471;Hoeleden
639;3472;Kersbeek-Miskom
640;3473;Waanrode
641;3500;Hasselt
642;3500;Sint-Lambrechts-Herk
643;3501;Wimmertingen
644;3510;Kermt (Hasselt)
645;3510;Spalbeek
646;3511;Kuringen
647;3511;Stokrooie
648;3512;Stevoort
649;3520;Zonhoven
650;3530;Helchteren
651;3530;Houthalen
652;3530;Houthalen-Helchteren
653;3540;Berbroek
654;3540;Donk
655;3540;Herk-de-Stad
656;3540;Schulen
657;3545;Halen
658;3545;Loksbergen
659;3545;Zelem
660;3550;Heusden (Limb.)
661;3550;Heusden-Zolder
662;3550;Zolder
663;3560;Linkhout
664;3560;Lummen
665;3560;Meldert (Limb.)
666;3570;Alken
667;3580;Beringen
668;3581;Beverlo
669;3582;Koersel
670;3583;Paal
671;3590;Diepenbeek
672;3600;Genk
673;3620;Gellik
674;3620;Lanaken
675;3620;Neerharen
676;3620;Veldwezelt
677;3621;Rekem
678;3630;Eisden
679;3630;Leut
680;3630;Maasmechelen
681;3630;Mechelen-aan-de-Maas
682;3630;Meeswijk
683;3630;Opgrimbie
684;3630;Vucht
685;3631;Boorsem
686;3631;Uikhoven
687;3640;Kessenich
688;3640;Kinrooi
689;3640;Molenbeersel
690;3640;Ophoven
691;3650;Dilsen-Stokkem
692;3650;Elen
693;3650;Lanklaar
694;3650;Rotem
695;3650;Stokkem
696;3660;Opglabbeek
697;3665;As
698;3668;Niel-bij-As
699;3670;Ellikom
700;3670;Gruitrode
701;3670;Meeuwen
702;3670;Meeuwen-Gruitrode
703;3670;Neerglabbeek
704;3670;Wijshagen
705;3680;Maaseik
706;3680;Neeroeteren
707;3680;Opoeteren
708;3690;Zutendaal
709;3700;Berg (Limb.)
710;3700;Diets-Heur
711;3700;Haren (Tongeren)
712;3700;Henis
713;3700;Kolmont (Tongeren)
714;3700;Koninksem
715;3700;Lauw
716;3700;Mal
717;3700;Neerrepen
718;3700;Nerem
719;3700;Overrepen (Kolmont)
720;3700;Piringen (Haren)
721;3700;Riksingen
722;3700;Rutten
723;3700;'s Herenelderen
724;3700;Sluizen
725;3700;Tongeren
726;3700;Vreren
727;3700;Widooie (Haren)
728;3717;Herstappe
729;3720;Kortessem
730;3721;Vliermaalroot
731;3722;Wintershoven
732;3723;Guigoven
733;3724;Vliermaal
734;3730;Hoeselt
735;3730;Romershoven
736;3730;Sint-Huibrechts-Hern
737;3730;Werm
738;3732;Schalkhoven
739;3740;Beverst
740;3740;Bilzen
741;3740;Eigenbilzen
742;3740;Grote-Spouwen
743;3740;Hees
744;3740;Kleine-Spouwen
745;3740;Mopertingen
746;3740;Munsterbilzen
747;3740;Rijkhoven
748;3740;Rosmeer
749;3740;Spouwen
750;3740;Waltwilder
751;3742;Martenslinde
752;3746;Hoelbeek
753;3770;Genoelselderen
754;3770;Herderen
755;3770;Kanne
756;3770;Membruggen
757;3770;Millen
758;3770;Riemst
759;3770;Val-Meer
760;3770;Vlijtingen
761;3770;Vroenhoven
762;3770;Zichen-Zussen-Bolder
763;3790;Fourons
764;3790;Fouron-Saint-Martin
765;3790;Moelingen
766;3790;Mouland
767;3790;Sint-Martens-Voeren
768;3790;Voeren
769;3791;Remersdaal
770;3792;Fouron-Saint-Pierre
771;3792;Sint-Pieters-Voeren
772;3793;Teuven
773;3798;Fouron-le-Comte
774;3798;'s Gravenvoeren
775;3800;Aalst (Limb.)
776;3800;Brustem
777;3800;Engelmanshoven
778;3800;Gelinden
779;3800;Groot-Gelmen
780;3800;Halmaal
781;3800;Kerkom-bij-Sint-Truiden
782;3800;Ordingen
783;3800;Sint-Truiden
784;3800;Zepperen
785;3803;Duras
786;3803;Gorsem
787;3803;Runkelen
788;3803;Wilderen
789;3806;Velm
790;3830;Berlingen
791;3830;Wellen
792;3831;Herten
793;3832;Ulbeek
794;3840;Bommershoven (Haren)
795;3840;Borgloon
796;3840;Broekom
797;3840;Gors-Opleeuw
798;3840;Gotem
799;3840;Groot-Loon
800;3840;Haren (Borgloon)
801;3840;Hendrieken
802;3840;Hoepertingen
803;3840;Jesseren (Kolmont)
804;3840;Kerniel
805;3840;Kolmont (Borgloon)
806;3840;Kuttekoven
807;3840;Rijkel
808;3840;Voort
809;3850;Binderveld
810;3850;Kozen
811;3850;Nieuwerkerken (Limb.)
812;3850;Wijer
813;3870;Batsheers
814;3870;Bovelingen
815;3870;Gutschoven
816;3870;Heers
817;3870;Heks
818;3870;Horpmaal
819;3870;Klein-Gelmen
820;3870;Mechelen-Bovelingen
821;3870;Mettekoven
822;3870;Opheers
823;3870;Rukkelingen-Loon
824;3870;Vechmaal
825;3870;Veulen
826;3890;Boekhout
827;3890;Gingelom
828;3890;Jeuk
829;3890;Kortijs
830;3890;Montenaken
831;3890;Niel-bij-Sint-Truiden
832;3890;Vorsen
833;3891;Borlo
834;3891;Buvingen
835;3891;Mielen-Boven-Aalst
836;3891;Muizen (Limb.)
837;3900;Overpelt
838;3910;Neerpelt
839;3910;Sint-Huibrechts-Lille
840;3920;Lommel
841;3930;Achel
842;3930;Hamont
843;3930;Hamont-Achel
844;3940;Hechtel
845;3940;Hechtel-Eksel
846;3941;Eksel
847;3945;Ham
848;3945;Kwaadmechelen
849;3945;Oostham
850;3950;Bocholt
851;3950;Kaulille
852;3950;Reppel
853;3960;Beek
854;3960;Bree
855;3960;Gerdingen
856;3960;Opitter
857;3960;Tongerlo (Limb.)
858;3970;Leopoldsburg
859;3971;Heppen
860;3980;Tessenderlo
861;3990;Grote-Brogel
862;3990;Kleine-Brogel
863;3990;Peer
864;3990;Wijchmaal
865;4000;Glain
866;4000;Liège
867;4000;Rocourt
868;4020;Bressoux
869;4020;Jupille-sur-Meuse
870;4020;Liège
871;4020;Wandre
872;4030;Grivegnée
873;4030;Liège
874;4031;Angleur
875;4032;Chênée
876;4040;Herstal
877;4041;Milmort
878;4041;Vottem
879;4042;Liers
880;4050;Chaudfontaine
881;4051;Vaux-sous-Chèvremont
882;4052;Beaufays
883;4053;Embourg
884;4090;B.S.D. (Belg. Strijdkr. Duitsland)
885;4090;F.B.A. (Forces Belges en Allemagne)
886;4100;Boncelles
887;4100;Seraing
888;4101;Jemeppe-sur-Meuse
889;4102;Ougrée
890;4120;Ehein
891;4120;Neupré
892;4120;Rotheux-Rimière
893;4121;Neuville-en-Condroz
894;4122;Plainevaux
895;4130;Esneux
896;4130;Tilff
897;4140;Dolembreux
898;4140;Gomzé-Andoumont
899;4140;Rouvreux
900;4140;Sprimont
901;4141;Louveigné
902;4160;Anthisnes
903;4161;Villers-aux-Tours
904;4162;Hody
905;4163;Tavier
906;4170;Comblain-au-Pont
907;4171;Poulseur
908;4180;Comblain-Fairon
909;4180;Comblain-la-Tour
910;4180;Hamoir
911;4181;Filot
912;4190;Ferrières
913;4190;My
914;4190;Vieuxville
915;4190;Werbomont
916;4190;Xhoris
917;4210;Burdinne
918;4210;Hannêche
919;4210;Lamontzée
920;4210;Marneffe
921;4210;Oteppe
922;4217;Héron
923;4217;Lavoir
924;4217;Waret-l'Evêque
925;4218;Couthuin
926;4219;Acosse
927;4219;Ambresin
928;4219;Meeffe
929;4219;Wasseiges
930;4250;Boëlhe
931;4250;Geer
932;4250;Hollogne-sur-Geer
933;4250;Lens-Saint-Servais
934;4252;Omal
935;4253;Darion
936;4254;Ligney
937;4257;Berloz
938;4257;Corswarem
939;4257;Rosoux-Crenwick
940;4260;Avennes
941;4260;Braives
942;4260;Ciplet
943;4260;Fallais
944;4260;Fumal
945;4260;Ville-en-Hesbaye
946;4261;Latinne
947;4263;Tourinne (Lg.)
948;4280;Abolens
949;4280;Avernas-le-Bauduin
950;4280;Avin
951;4280;Bertrée
952;4280;Blehen
953;4280;Cras-Avernas
954;4280;Crehen
955;4280;Grand-Hallet
956;4280;Hannut
957;4280;Lens-Saint-Remy
958;4280;Merdorp
959;4280;Moxhe
960;4280;Petit-Hallet
961;4280;Poucet
962;4280;Thisnes
963;4280;Trognée
964;4280;Villers-le-Peuplier
965;4280;Wansin
966;4287;Lincent
967;4287;Pellaines
968;4287;Racour
969;4300;Bettincourt
970;4300;Bleret
971;4300;Bovenistier
972;4300;Grand-Axhe
973;4300;Lantremange
974;4300;Oleye
975;4300;Waremme
976;4317;Aineffe
977;4317;Borlez
978;4317;Celles (Lg.)
979;4317;Faimes
980;4317;Les Waleffes
981;4317;Viemme
982;4340;Awans
983;4340;Fooz
984;4340;Othée
985;4340;Villers-l'Evêque
986;4342;Hognoul
987;4347;Fexhe-le-Haut-Clocher
988;4347;Freloux
989;4347;Noville (Lg.)
990;4347;Roloux
991;4347;Voroux-Goreux
992;4350;Lamine
993;4350;Momalle
994;4350;Pousset
995;4350;Remicourt
996;4351;Hodeige
997;4357;Donceel
998;4357;Haneffe
999;4357;Jeneffe (Lg.)
1000;4357;Limont
1001;4360;Bergilers
1002;4360;Grandville
1003;4360;Lens-sur-Geer
1004;4360;Oreye
1005;4360;Otrange
1006;4367;Crisnée
1007;4367;Fize-le-Marsal
1008;4367;Kemexhe
1009;4367;Odeur
1010;4367;Thys
1011;4400;Awirs
1012;4400;Chokier
1013;4400;Flémalle
1014;4400;Flémalle-Grande
1015;4400;Flémalle-Haute
1016;4400;Gleixhe
1017;4400;Ivoz-Ramet
1018;4400;Mons-lez-Liège
1019;4420;Montegnée
1020;4420;Saint-Nicolas (Lg.)
1021;4420;Tilleur
1022;4430;Ans
1023;4431;Loncin
1024;4432;Alleur
1025;4432;Xhendremael
1026;4450;Juprelle
1027;4450;Lantin
1028;4450;Slins
1029;4451;Voroux-lez-Liers
1030;4452;Paifve
1031;4452;Wihogne
1032;4453;Villers-Saint-Siméon
1033;4458;Fexhe-Slins
1034;4460;Bierset
1035;4460;Grâce-Berleur
1036;4460;Grâce-Hollogne
1037;4460;Hollogne-aux-Pierres
1038;4460;Horion-Hozémont
1039;4460;Velroux
1040;4470;Saint-Georges-sur-Meuse
1041;4480;Clermont-sous-Huy
1042;4480;Engis
1043;4480;Hermalle-sous-Huy
1044;4500;Ben-Ahin
1045;4500;Huy
1046;4500;Tihange
1047;4520;Antheit
1048;4520;Bas-Oha
1049;4520;Huccorgne
1050;4520;Moha
1051;4520;Vinalmont
1052;4520;Wanze
1053;4530;Fize-Fontaine
1054;4530;Vaux-et-Borset
1055;4530;Vieux-Waleffe
1056;4530;Villers-le-Bouillet
1057;4530;Warnant-Dreye
1058;4537;Chapon-Seraing
1059;4537;Seraing-le-Château
1060;4537;Verlaine
1061;4540;Amay
1062;4540;Ampsin
1063;4540;Flône
1064;4540;Jehay
1065;4540;Ombret
1066;4550;Nandrin
1067;4550;Saint-Séverin
1068;4550;Villers-le-Temple
1069;4550;Yernée-Fraineux
1070;4557;Abée
1071;4557;Fraiture
1072;4557;Ramelot
1073;4557;Seny
1074;4557;Soheit-Tinlot
1075;4557;Tinlot
1076;4560;Bois-et-Borsu
1077;4560;Clavier
1078;4560;Les Avins
1079;4560;Ocquier
1080;4560;Pailhe
1081;4560;Terwagne
1082;4570;Marchin
1083;4570;Vyle-et-Tharoul
1084;4577;Modave
1085;4577;Outrelouxhe
1086;4577;Strée-lez-Huy
1087;4577;Vierset-Barse
1088;4590;Ellemelle
1089;4590;Ouffet
1090;4590;Warzée
1091;4600;Lanaye
1092;4600;Lixhe
1093;4600;Richelle
1094;4600;Visé
1095;4601;Argenteau
1096;4602;Cheratte
1097;4606;Saint-André
1098;4607;Berneau
1099;4607;Bombaye
1100;4607;Dalhem
1101;4607;Feneur
1102;4607;Mortroux
1103;4608;Neufchâteau (Lg.)
1104;4608;Warsage
1105;4610;Bellaire
1106;4610;Beyne-Heusay
1107;4610;Queue-du-Bois
1108;4620;Fléron
1109;4621;Retinne
1110;4623;Magnée
1111;4624;Romsée
1112;4630;Ayeneux
1113;4630;Micheroux
1114;4630;Soumagne
1115;4630;Tignée
1116;4631;Evegnée
1117;4632;Cérexhe-Heuseux
1118;4633;Melen
1119;4650;Chaineux
1120;4650;Grand-Rechain
1121;4650;Herve
1122;4650;Julémont
1123;4651;Battice
1124;4652;Xhendelesse
1125;4653;Bolland
1126;4654;Charneux
1127;4670;Blégny
1128;4670;Mortier
1129;4670;Trembleur
1130;4671;Barchon
1131;4671;Housse
1132;4671;Saive
1133;4672;Saint-Remy (Lg.)
1134;4680;Hermée
1135;4680;Oupeye
1136;4681;Hermalle-sous-Argenteau
1137;4682;Heure-le-Romain
1138;4682;Houtain-Saint-Siméon
1139;4683;Vivegnis
1140;4684;Haccourt
1141;4690;Bassenge
1142;4690;Boirs
1143;4690;Eben-Emael
1144;4690;Glons
1145;4690;Roclenge-sur-Geer
1146;4690;Wonck
1147;4700;Eupen
1148;4701;Kettenis
1149;4710;Lontzen
1150;4711;Walhorn
1151;4720;Kelmis
1152;4720;La Calamine
1153;4721;Neu-Moresnet
1154;4728;Hergenrath
1155;4730;Hauset
1156;4730;Raeren
1157;4731;Eynatten
1158;4750;Bütgenbach
1159;4750;Butgenbach
1160;4750;Elsenborn
1161;4760;Bullange
1162;4760;Büllingen
1163;4760;Manderfeld
1164;4761;Rocherath
1165;4770;Amblève
1166;4770;Amel
1167;4770;Meyerode
1168;4771;Heppenbach
1169;4780;Recht
1170;4780;Saint-Vith
1171;4780;Sankt Vith
1172;4782;Schoenberg
1173;4782;Schönberg
1174;4783;Lommersweiler
1175;4784;Crombach
1176;4790;Burg-Reuland
1177;4790;Reuland
1178;4791;Thommen
1179;4800;Ensival
1180;4800;Lambermont
1181;4800;Petit-Rechain
1182;4800;Verviers
1183;4801;Stembert
1184;4802;Heusy
1185;4820;Dison
1186;4821;Andrimont
1187;4830;Limbourg
1188;4831;Bilstain
1189;4834;Goé
1190;4837;Baelen (Lg.)
1191;4837;Membach
1192;4840;Welkenraedt
1193;4841;Henri-Chapelle
1194;4845;Jalhay
1195;4845;Sart-lez-Spa
1196;4850;Montzen
1197;4850;Moresnet
1198;4850;Plombières
1199;4851;Gemmenich
1200;4851;Sippenaeken
1201;4852;Hombourg
1202;4860;Cornesse
1203;4860;Pepinster
1204;4860;Wegnez
1205;4861;Soiron
1206;4870;Forêt
1207;4870;Fraipont
1208;4870;Nessonvaux
1209;4870;Trooz
1210;4877;Olne
1211;4880;Aubel
1212;4890;Clermont (Lg.)
1213;4890;Thimister
1214;4890;Thimister-Clermont
1215;4900;Spa
1216;4910;La Reid
1217;4910;Polleur
1218;4910;Theux
1219;4920;Aywaille
1220;4920;Ernonheid
1221;4920;Harzé
1222;4920;Sougné-Remouchamps
1223;4950;Faymonville
1224;4950;Robertville
1225;4950;Sourbrodt
1226;4950;Waimes
1227;4950;Weismes
1228;4960;Bellevaux-Ligneuville
1229;4960;Bevercé
1230;4960;Malmedy
1231;4970;Francorchamps
1232;4970;Stavelot
1233;4980;Fosse (Lg.)
1234;4980;Trois-Ponts
1235;4980;Wanne
1236;4983;Basse-Bodeux
1237;4987;Chevron
1238;4987;La Gleize
1239;4987;Lorcé
1240;4987;Rahier
1241;4987;Stoumont
1242;4990;Arbrefontaine
1243;4990;Bra
1244;4990;Lierneux
1245;5000;Beez
1246;5000;Namur
1247;5001;Belgrade
1248;5002;Saint-Servais
1249;5003;Saint-Marc
1250;5004;Bouge
1251;5020;Champion
1252;5020;Daussoulx
1253;5020;Flawinne
1254;5020;Malonne
1255;5020;Suarlée
1256;5020;Temploux
1257;5020;Vedrin
1258;5021;Boninne
1259;5022;Cognelée
1260;5024;Gelbressée
1261;5024;Marche-les-Dames
1262;5030;Beuzet
1263;5030;Ernage
1264;5030;Gembloux
1265;5030;Grand-Manil
1266;5030;Lonzée
1267;5030;Sauvenière
1268;5031;Grand-Leez
1269;5032;Bossière
1270;5032;Bothey
1271;5032;Corroy-le-Château
1272;5032;Isnes
1273;5032;Mazy
1274;5060;Arsimont
1275;5060;Auvelais
1276;5060;Falisolle
1277;5060;Keumiée
1278;5060;Moignelée
1279;5060;Sambreville
1280;5060;Tamines
1281;5060;Velaine-sur-Sambre
1282;5070;Aisemont
1283;5070;Fosses-la-Ville
1284;5070;Le Roux
1285;5070;Sart-Eustache
1286;5070;Sart-Saint-Laurent
1287;5070;Vitrival
1288;5080;Emines
1289;5080;La Bruyère
1290;5080;Rhisnes
1291;5080;Villers-lez-Heest
1292;5080;Warisoulx
1293;5081;Bovesse
1294;5081;Meux
1295;5081;Saint-Denis-Bovesse
1296;5100;Dave
1297;5100;Jambes (Namur)
1298;5100;Naninne
1299;5100;Wépion
1300;5100;Wierde
1301;5101;Erpent
1302;5101;Lives-sur-Meuse
1303;5101;Loyers
1304;5140;Boignée
1305;5140;Ligny
1306;5140;Sombreffe
1307;5140;Tongrinne
1308;5150;Floreffe
1309;5150;Floriffoux
1310;5150;Franière
1311;5150;Soye (Nam.)
1312;5170;Arbre (Nam.)
1313;5170;Bois-de-Villers
1314;5170;Lesve
1315;5170;Lustin
1316;5170;Profondeville
1317;5170;Rivière
1318;5190;Balâtre
1319;5190;Ham-sur-Sambre
1320;5190;Jemeppe-sur-Sambre
1321;5190;Mornimont
1322;5190;Moustier-sur-Sambre
1323;5190;Onoz
1324;5190;Saint-Martin
1325;5190;Spy
1326;5300;Andenne
1327;5300;Bonneville
1328;5300;Coutisse
1329;5300;Landenne
1330;5300;Maizeret
1331;5300;Namêche
1332;5300;Sclayn
1333;5300;Seilles
1334;5300;Thon
1335;5300;Vezin
1336;5310;Aische-en-Refail
1337;5310;Bolinne
1338;5310;Boneffe
1339;5310;Branchon
1340;5310;Dhuy
1341;5310;Eghezée
1342;5310;Hanret
1343;5310;Leuze (Nam.)
1344;5310;Liernu
1345;5310;Longchamps (Nam.)
1346;5310;Mehaigne
1347;5310;Noville-sur-Méhaigne
1348;5310;Saint-Germain
1349;5310;Taviers (Nam.)
1350;5310;Upigny
1351;5310;Waret-la-Chaussée
1352;5330;Assesse
1353;5330;Maillen
1354;5330;Sart-Bernard
1355;5332;Crupet
1356;5333;Sorinne-la-Longue
1357;5334;Florée
1358;5336;Courrière
1359;5340;Faulx-les-Tombes
1360;5340;Gesves
1361;5340;Haltinne
1362;5340;Mozet
1363;5340;Sorée
1364;5350;Evelette
1365;5350;Ohey
1366;5351;Haillot
1367;5352;Perwez-Haillot
1368;5353;Goesnes
1369;5354;Jallet
1370;5360;Hamois
1371;5360;Natoye
1372;5361;Mohiville
1373;5361;Scy
1374;5362;Achet
1375;5363;Emptinne
1376;5364;Schaltin
1377;5370;Barvaux-Condroz
1378;5370;Flostoy
1379;5370;Havelange
1380;5370;Jeneffe (Nam.)
1381;5370;Porcheresse (Nam.)
1382;5370;Verlée
1383;5372;Méan
1384;5374;Maffe
1385;5376;Miécret
1386;5377;Baillonville
1387;5377;Bonsin
1388;5377;Heure (Nam.)
1389;5377;Hogne
1390;5377;Nettinne
1391;5377;Noiseux
1392;5377;Sinsin
1393;5377;Somme-Leuze
1394;5377;Waillet
1395;5380;Bierwart
1396;5380;Cortil-Wodon
1397;5380;Fernelmont
1398;5380;Forville
1399;5380;Franc-Waret
1400;5380;Hemptinne (Fernelmont)
1401;5380;Hingeon
1402;5380;Marchovelette
1403;5380;Noville-les-Bois
1404;5380;Pontillas
1405;5380;Tillier
1406;5500;Anseremme
1407;5500;Bouvignes-sur-Meuse
1408;5500;Dinant
1409;5500;Dréhance
1410;5500;Falmagne
1411;5500;Falmignoul
1412;5500;Furfooz
1413;5501;Lisogne
1414;5502;Thynes
1415;5503;Sorinnes
1416;5504;Foy-Notre-Dame
1417;5520;Anthée
1418;5520;Onhaye
1419;5521;Serville
1420;5522;Falaën
1421;5523;Sommière
1422;5523;Weillen
1423;5524;Gerin
1424;5530;Dorinne
1425;5530;Durnal
1426;5530;Evrehailles
1427;5530;Godinne
1428;5530;Houx
1429;5530;Mont (Nam.)
1430;5530;Purnode
1431;5530;Spontin
1432;5530;Yvoir
1433;5537;Anhée
1434;5537;Annevoie-Rouillon
1435;5537;Bioul
1436;5537;Denée
1437;5537;Haut-le-Wastia
1438;5537;Sosoye
1439;5537;Warnant
1440;5540;Hastière
1441;5540;Hastière-Lavaux
1442;5540;Hermeton-sur-Meuse
1443;5540;Waulsort
1444;5541;Hastière-par-Delà
1445;5542;Blaimont
1446;5543;Heer
1447;5544;Agimont
1448;5550;Alle
1449;5550;Bagimont
1450;5550;Bohan
1451;5550;Chairière
1452;5550;Laforêt
1453;5550;Membre
1454;5550;Mouzaive
1455;5550;Nafraiture
1456;5550;Orchimont
1457;5550;Pussemange
1458;5550;Sugny
1459;5550;Vresse-sur-Semois
1460;5555;Baillamont
1461;5555;Bellefontaine (Nam.)
1462;5555;Bievre
1463;5555;Cornimont
1464;5555;Graide
1465;5555;Gros-Fays
1466;5555;Monceau-en-Ardenne
1467;5555;Naomé
1468;5555;Oizy
1469;5555;Petit-Fays
1470;5560;Ciergnon
1471;5560;Finnevaux
1472;5560;Houyet
1473;5560;Hulsonniaux
1474;5560;Mesnil-Eglise
1475;5560;Mesnil-Saint-Blaise
1476;5561;Celles (Nam.)
1477;5562;Custinne
1478;5563;Hour
1479;5564;Wanlin
1480;5570;Baronville
1481;5570;Beauraing
1482;5570;Dion
1483;5570;Felenne
1484;5570;Feschaux
1485;5570;Honnay
1486;5570;Javingue
1487;5570;Vonêche
1488;5570;Wancennes
1489;5570;Winenne
1490;5571;Wiesme
1491;5572;Focant
1492;5573;Martouzin-Neuville
1493;5574;Pondrôme
1494;5575;Bourseigne-Neuve
1495;5575;Bourseigne-Vieille
1496;5575;Gedinne
1497;5575;Houdremont
1498;5575;Louette-Saint-Denis
1499;5575;Louette-Saint-Pierre
1500;5575;Malvoisin
1501;5575;Patignies
1502;5575;Rienne
1503;5575;Sart-Custinne
1504;5575;Vencimont
1505;5575;Willerzie
1506;5576;Froidfontaine
1507;5580;Ave-et-Auffe
1508;5580;Buissonville
1509;5580;Eprave
1510;5580;Han-sur-Lesse
1511;5580;Jemelle
1512;5580;Lavaux-Sainte-Anne
1513;5580;Lessive
1514;5580;Mont-Gauthier
1515;5580;Rochefort
1516;5580;Villers-sur-Lesse
1517;5580;Wavreille
1518;5590;Achêne
1519;5590;Braibant
1520;5590;Chevetogne
1521;5590;Ciney
1522;5590;Conneux
1523;5590;Haversin
1524;5590;Leignon
1525;5590;Pessoux
1526;5590;Serinchamps
1527;5590;Sovet
1528;5600;Fagnolle
1529;5600;Franchimont
1530;5600;Jamagne
1531;5600;Jamiolle
1532;5600;Merlemont
1533;5600;Neuville (Philippeville)
1534;5600;Omezée
1535;5600;Philippeville
1536;5600;Roly
1537;5600;Romedenne
1538;5600;Samart
1539;5600;Sart-en-Fagne
1540;5600;Sautour
1541;5600;Surice
1542;5600;Villers-en-Fagne
1543;5600;Villers-le-Gambon
1544;5600;Vodecée
1545;5620;Corenne
1546;5620;Flavion
1547;5620;Florennes
1548;5620;Hemptinne-lez-Florennes
1549;5620;Morville
1550;5620;Rosée
1551;5620;Saint-Aubin
1552;5621;Hanzinelle
1553;5621;Hanzinne
1554;5621;Morialmé
1555;5621;Thy-le-Bauduin
1556;5630;Cerfontaine
1557;5630;Daussois
1558;5630;Senzeille
1559;5630;Silenrieux
1560;5630;Soumoy
1561;5630;Villers-Deux-Eglises
1562;5640;Biesme
1563;5640;Biesmerée
1564;5640;Graux
1565;5640;Mettet
1566;5640;Oret
1567;5640;Saint-Gérard
1568;5641;Furnaux
1569;5644;Ermeton-sur-Biert
1570;5646;Stave
1571;5650;Castillon
1572;5650;Chastrès
1573;5650;Clermont (Nam.)
1574;5650;Fontenelle
1575;5650;Fraire
1576;5650;Pry
1577;5650;Vogenée
1578;5650;Walcourt
1579;5650;Yves-Gomezée
1580;5651;Berzée
1581;5651;Gourdinne
1582;5651;Laneffe
1583;5651;Rognée
1584;5651;Somzée
1585;5651;Tarcienne
1586;5651;Thy-le-Château
1587;5660;Aublain
1588;5660;Boussu-en-Fagne
1589;5660;Brûly
1590;5660;Brûly-de-Pesche
1591;5660;Couvin
1592;5660;Cul-des-Sarts
1593;5660;Dailly
1594;5660;Frasnes (Nam.)
1595;5660;Gonrieux
1596;5660;Mariembourg
1597;5660;Pesche
1598;5660;Petigny
1599;5660;Petite-Chapelle
1600;5660;Presgaux
1601;5670;Dourbes
1602;5670;Le Mesnil
1603;5670;Mazée
1604;5670;Nismes
1605;5670;Oignies-en-Thiérache
1606;5670;Olloy-sur-Viroin
1607;5670;Treignes
1608;5670;Vierves-sur-Viroin
1609;5670;Viroinval
1610;5680;Doische
1611;5680;Gimnée
1612;5680;Gochenée
1613;5680;Matagne-la-Grande
1614;5680;Matagne-la-Petite
1615;5680;Niverlée
1616;5680;Romerée
1617;5680;Soulme
1618;5680;Vaucelles
1619;5680;Vodelée
1620;6000;Charleroi
1621;6001;Marcinelle
1622;6010;Couillet
1623;6020;Dampremy
1624;6030;Goutroux
1625;6030;Marchienne-au-Pont
1626;6031;Monceau-sur-Sambre
1627;6032;Mont-sur-Marchienne
1628;6040;Jumet (Charleroi)
1629;6041;Gosselies
1630;6042;Lodelinsart
1631;6043;Ransart
1632;6044;Roux
1633;6060;Gilly (Charleroi)
1634;6061;Montignies-sur-Sambre
1635;6110;Montigny-le-Tilleul
1636;6111;Landelies
1637;6120;Cour-sur-Heure
1638;6120;Ham-sur-Heure
1639;6120;Ham-sur-Heure-Nalinnes
1640;6120;Jamioulx
1641;6120;Marbaix (Ht.)
1642;6120;Nalinnes
1643;6140;Fontaine-l'Evêque
1644;6141;Forchies-la-Marche
1645;6142;Leernes
1646;6150;Anderlues
1647;6180;Courcelles
1648;6181;Gouy-lez-Piéton
1649;6182;Souvret
1650;6183;Trazegnies
1651;6200;Bouffioulx
1652;6200;Châtelet
1653;6200;Châtelineau
1654;6210;Frasnes-lez-Gosselies
1655;6210;Les Bons Villers
1656;6210;Rèves
1657;6210;Villers-Perwin
1658;6210;Wayaux
1659;6211;Mellet
1660;6220;Fleurus
1661;6220;Heppignies
1662;6220;Lambusart
1663;6220;Wangenies
1664;6221;Saint-Amand
1665;6222;Brye
1666;6223;Wagnelée
1667;6224;Wanfercée-Baulet
1668;6230;Buzet
1669;6230;Obaix
1670;6230;Pont-à-Celles
1671;6230;Thiméon
1672;6230;Viesville
1673;6238;Liberchies
1674;6238;Luttre
1675;6240;Farciennes
1676;6240;Pironchamps
1677;6250;Aiseau
1678;6250;Aiseau-Presles
1679;6250;Pont-de-Loup
1680;6250;Presles
1681;6250;Roselies
1682;6280;Acoz
1683;6280;Gerpinnes
1684;6280;Gougnies
1685;6280;Joncret
1686;6280;Loverval
1687;6280;Villers-Poterie
1688;6440;Boussu-lez-Walcourt
1689;6440;Fourbechies
1690;6440;Froidchapelle
1691;6440;Vergnies
1692;6441;Erpion
1693;6460;Bailièvre
1694;6460;Chimay
1695;6460;Robechies
1696;6460;Saint-Remy (Ht.)
1697;6460;Salles
1698;6460;Villers-la-Tour
1699;6461;Virelles
1700;6462;Vaulx-lez-Chimay
1701;6463;Lompret
1702;6464;Baileux
1703;6464;Bourlers
1704;6464;Forges
1705;6464;l'Escaillère
1706;6464;Rièzes
1707;6470;Grandrieu
1708;6470;Montbliart
1709;6470;Rance
1710;6470;Sautin
1711;6470;Sivry
1712;6470;Sivry-Rance
1713;6500;Barbençon
1714;6500;Beaumont
1715;6500;Leugnies
1716;6500;Leval-Chaudeville
1717;6500;Renlies
1718;6500;Solre-Saint-Géry
1719;6500;Thirimont
1720;6511;Strée (Ht.)
1721;6530;Leers-et-Fosteau
1722;6530;Thuin
1723;6531;Biesme-sous-Thuin
1724;6532;Ragnies
1725;6533;Biercée
1726;6534;Gozée
1727;6536;Donstiennes
1728;6536;Thuillies
1729;6540;Lobbes
1730;6540;Mont-Sainte-Geneviève
1731;6542;Sars-la-Buissière
1732;6543;Bienne-lez-Happart
1733;6560;Bersillies-l'Abbaye
1734;6560;Erquelinnes
1735;6560;Grand-Reng
1736;6560;Hantes-Wihéries
1737;6560;Montignies-Saint-Christophe
1738;6560;Solre-sur-Sambre
1739;6567;Fontaine-Valmont
1740;6567;Labuissière
1741;6567;Merbes-le-Château
1742;6567;Merbes-Sainte-Marie
1743;6590;Momignies
1744;6591;Macon
1745;6592;Monceau-Imbrechies
1746;6593;Macquenoise
1747;6594;Beauwelz
1748;6596;Forge-Philippe
1749;6596;Seloignes
1750;6600;Bastogne
1751;6600;Longvilly
1752;6600;Noville (Lux.)
1753;6600;Villers-la-Bonne-Eau
1754;6600;Wardin
1755;6630;Martelange
1756;6637;Fauvillers
1757;6637;Hollange
1758;6637;Tintange
1759;6640;Hompré
1760;6640;Morhet
1761;6640;Nives
1762;6640;Sibret
1763;6640;Vaux-lez-Rosières
1764;6640;Vaux-sur-Sure
1765;6642;Juseret
1766;6660;Houffalize
1767;6660;Nadrin
1768;6661;Mont (Lux.)
1769;6661;Tailles
1770;6662;Tavigny
1771;6663;Mabompré
1772;6666;Wibrin
1773;6670;Gouvy
1774;6670;Limerlé
1775;6671;Bovigny
1776;6672;Beho
1777;6673;Cherain
1778;6674;Montleban
1779;6680;Amberloup
1780;6680;Sainte-Ode
1781;6680;Tillet
1782;6681;Lavacherie
1783;6686;Flamierge
1784;6687;Bertogne
1785;6688;Longchamps (Lux.)
1786;6690;Bihain
1787;6690;Vielsalm
1788;6692;Petit-Thier
1789;6698;Grand-Halleux
1790;6700;Arlon
1791;6700;Bonnert
1792;6700;Heinsch
1793;6700;Toernich
1794;6704;Guirsch
1795;6706;Autelbas
1796;6717;Attert
1797;6717;Nobressart
1798;6717;Nothomb
1799;6717;Thiaumont
1800;6717;Tontelange
1801;6720;Habay
1802;6720;Habay-la-Neuve
1803;6720;Hachy
1804;6721;Anlier
1805;6723;Habay-la-Vieille
1806;6724;Houdemont
1807;6724;Marbehan
1808;6724;Rulles
1809;6730;Bellefontaine (Lux.)
1810;6730;Rossignol
1811;6730;Saint-Vincent
1812;6730;Tintigny
1813;6740;Etalle
1814;6740;Sainte-Marie-sur-Semois
1815;6740;Villers-sur-Semois
1816;6741;Vance
1817;6742;Chantemelle
1818;6743;Buzenol
1819;6747;Châtillon
1820;6747;Meix-le-Tige
1821;6747;Saint-Léger (Lux.)
1822;6750;Musson
1823;6750;Mussy-la-Ville
1824;6750;Signeulx
1825;6760;Bleid
1826;6760;Ethe
1827;6760;Ruette
1828;6760;Virton
1829;6761;Latour
1830;6762;Saint-Mard
1831;6767;Dampicourt
1832;6767;Harnoncourt
1833;6767;Lamorteau
1834;6767;Rouvroy
1835;6767;Torgny
1836;6769;Gérouville
1837;6769;Meix-Devant-Virton
1838;6769;Robelmont
1839;6769;Sommethonne
1840;6769;Villers-la-Loue
1841;6780;Hondelange
1842;6780;Messancy
1843;6780;Wolkrange
1844;6781;Sélange
1845;6782;Habergy
1846;6790;Aubange
1847;6791;Athus
1848;6792;Halanzy
1849;6792;Rachecourt
1850;6800;Bras
1851;6800;Freux
1852;6800;Libramont-Chevigny
1853;6800;Moircy
1854;6800;Recogne
1855;6800;Remagne
1856;6800;Sainte-Marie-Chevigny
1857;6800;Saint-Pierre
1858;6810;Chiny
1859;6810;Izel
1860;6810;Jamoigne
1861;6811;Les Bulles
1862;6812;Suxy
1863;6813;Termes
1864;6820;Florenville
1865;6820;Fontenoille
1866;6820;Muno
1867;6820;Sainte-Cécile
1868;6821;Lacuisine
1869;6823;Villers-Devant-Orval
1870;6824;Chassepierre
1871;6830;Bouillon
1872;6830;Les Hayons
1873;6830;Poupehan
1874;6830;Rochehaut
1875;6831;Noirefontaine
1876;6832;Sensenruth
1877;6833;Ucimont
1878;6833;Vivy
1879;6834;Bellevaux
1880;6836;Dohan
1881;6838;Corbion
1882;6840;Grandvoir
1883;6840;Grapfontaine
1884;6840;Hamipré
1885;6840;Longlier
1886;6840;Neufchâteau
1887;6840;Tournay
1888;6850;Carlsbourg
1889;6850;Offagne
1890;6850;Paliseul
1891;6851;Nollevaux
1892;6852;Maissin
1893;6852;Opont
1894;6853;Framont
1895;6856;Fays-les-Veneurs
1896;6860;Assenois
1897;6860;Ebly
1898;6860;Léglise
1899;6860;Mellier
1900;6860;Witry
1901;6870;Arville
1902;6870;Awenne
1903;6870;Hatrival
1904;6870;Mirwart
1905;6870;Saint-Hubert
1906;6870;Vesqueville
1907;6880;Auby-sur-Semois
1908;6880;Bertrix
1909;6880;Cugnon
1910;6880;Jehonville
1911;6880;Orgeo
1912;6887;Herbeumont
1913;6887;Saint-Médard
1914;6887;Straimont
1915;6890;Anloy
1916;6890;Libin
1917;6890;Ochamps
1918;6890;Redu
1919;6890;Smuid
1920;6890;Transinne
1921;6890;Villance
1922;6900;Aye
1923;6900;Hargimont
1924;6900;Humain
1925;6900;Marche-en-Famenne
1926;6900;On
1927;6900;Roy
1928;6900;Waha
1929;6920;Sohier
1930;6920;Wellin
1931;6921;Chanly
1932;6922;Halma
1933;6924;Lomprez
1934;6927;Bure
1935;6927;Grupont
1936;6927;Resteigne
1937;6927;Tellin
1938;6929;Daverdisse
1939;6929;Gembes
1940;6929;Haut-Fays
1941;6929;Porcheresse (Lux.)
1942;6940;Barvaux-sur-Ourthe
1943;6940;Durbuy
1944;6940;Grandhan
1945;6940;Septon
1946;6940;Wéris
1947;6941;Bende
1948;6941;Bomal-sur-Ourthe
1949;6941;Borlon
1950;6941;Heyd
1951;6941;Izier
1952;6941;Tohogne
1953;6941;Villers-Sainte-Gertrude
1954;6950;Harsin
1955;6950;Nassogne
1956;6951;Bande
1957;6952;Grune
1958;6953;Ambly
1959;6953;Forrières
1960;6953;Lesterny
1961;6953;Masbourg
1962;6960;Dochamps
1963;6960;Grandmenil
1964;6960;Harre
1965;6960;Malempré
1966;6960;Manhay
1967;6960;Odeigne
1968;6960;Vaux-Chavanne
1969;6970;Tenneville
1970;6971;Champlon
1971;6972;Erneuville
1972;6980;Beausaint
1973;6980;La Roche-en-Ardenne
1974;6982;Samrée
1975;6983;Ortho
1976;6984;Hives
1977;6986;Halleux
1978;6987;Beffe
1979;6987;Hodister
1980;6987;Marcourt
1981;6987;Rendeux
1982;6990;Fronville
1983;6990;Hampteau
1984;6990;Hotton
1985;6990;Marenne
1986;6997;Amonines
1987;6997;Erezée
1988;6997;Mormont
1989;6997;Soy
1990;7000;Mons
1991;7010;S.H.A.P.E. België
1992;7010;S.H.A.P.E. Belgique
1993;7011;Ghlin
1994;7012;Flénu
1995;7012;Jemappes
1996;7020;Maisières
1997;7020;Nimy
1998;7021;Havré
1999;7022;Harmignies
2000;7022;Harveng
2001;7022;Hyon
2002;7022;Mesvin
2003;7022;Nouvelles
2004;7024;Ciply
2005;7030;Saint-Symphorien
2006;7031;Villers-Saint-Ghislain
2007;7032;Spiennes
2008;7033;Cuesmes
2009;7034;Obourg
2010;7034;Saint-Denis (Ht.)
2011;7040;Asquillies
2012;7040;Aulnois
2013;7040;Blaregnies
2014;7040;Bougnies
2015;7040;Genly
2016;7040;Goegnies-Chaussée
2017;7040;Quévy
2018;7040;Quévy-le-Grand
2019;7040;Quévy-le-Petit
2020;7041;Givry
2021;7041;Havay
2022;7050;Erbaut
2023;7050;Erbisoeul
2024;7050;Herchies
2025;7050;Jurbise
2026;7050;Masnuy-Saint-Jean (Jurbise)
2027;7050;Masnuy-Saint-Pierre
2028;7060;Horrues
2029;7060;Soignies
2030;7061;Casteau (Soignies)
2031;7061;Thieusies
2032;7062;Naast
2033;7063;Chaussée-Notre-Dame-Louvignies
2034;7063;Neufvilles
2035;7070;Gottignies
2036;7070;Le Roeulx
2037;7070;Mignault
2038;7070;Thieu
2039;7070;Ville-sur-Haine (Le Roeulx)
2040;7080;Eugies (Frameries)
2041;7080;Frameries
2042;7080;La Bouverie
2043;7080;Noirchain
2044;7080;Sars-la-Bruyère
2045;7090;Braine-le-Comte
2046;7090;Hennuyères
2047;7090;Henripont
2048;7090;Petit-Roeulx-lez-Braine
2049;7090;Ronquières
2050;7090;Steenkerque (Ht.)
2051;7100;Haine-Saint-Paul
2052;7100;Haine-Saint-Pierre
2053;7100;La Louvière
2054;7100;Saint-Vaast
2055;7100;Trivières
2056;7110;Boussoit
2057;7110;Houdeng-Aimeries
2058;7110;Houdeng-Goegnies (La Louvière)
2059;7110;Maurage
2060;7110;Strépy-Bracquegnies
2061;7120;Croix-lez-Rouveroy
2062;7120;Estinnes
2063;7120;Estinnes-au-Mont
2064;7120;Estinnes-au-Val
2065;7120;Fauroeulx
2066;7120;Haulchin
2067;7120;Peissant
2068;7120;Rouveroy (Ht.)
2069;7120;Vellereille-les-Brayeux
2070;7120;Vellereille-le-Sec
2071;7130;Battignies
2072;7130;Binche
2073;7130;Bray
2074;7131;Waudrez
2075;7133;Buvrinnes
2076;7134;Epinois
2077;7134;Leval-Trahegnies
2078;7134;Péronnes-lez-Binche
2079;7134;Ressaix
2080;7140;Morlanwelz
2081;7140;Morlanwelz-Mariemont
2082;7141;Carnières
2083;7141;Mont-Sainte-Aldegonde
2084;7160;Chapelle-lez-Herlaimont
2085;7160;Godarville
2086;7160;Piéton
2087;7170;Bellecourt
2088;7170;Bois-d'Haine
2089;7170;Fayt-lez-Manage
2090;7170;La Hestre
2091;7170;Manage
2092;7180;Seneffe
2093;7181;Arquennes
2094;7181;Familleureux
2095;7181;Feluy
2096;7181;Petit-Roeulx-lez-Nivelles
2097;7190;Ecaussinnes
2098;7190;Ecaussinnes-d'Enghien
2099;7190;Marche-lez-Ecaussinnes
2100;7191;Ecaussinnes-Lalaing
2101;7300;Boussu
2102;7301;Hornu
2103;7320;Bernissart
2104;7321;Blaton
2105;7321;Harchies
2106;7322;Pommeroeul
2107;7322;Ville-Pommeroeul
2108;7330;Saint-Ghislain
2109;7331;Baudour
2110;7332;Neufmaison
2111;7332;Sirault
2112;7333;Tertre
2113;7334;Hautrage
2114;7334;Villerot
2115;7340;Colfontaine
2116;7340;Paturages
2117;7340;Warquignies
2118;7340;Wasmes
2119;7350;Hainin
2120;7350;Hensies
2121;7350;Montroeul-sur-Haine
2122;7350;Thulin
2123;7370;Blaugies
2124;7370;Dour
2125;7370;Elouges
2126;7370;Wihéries
2127;7380;Baisieux
2128;7380;Quiévrain
2129;7382;Audregnies
2130;7387;Angre
2131;7387;Angreau
2132;7387;Athis
2133;7387;Autreppe
2134;7387;Erquennes
2135;7387;Fayt-le-Franc
2136;7387;Honnelles
2137;7387;Marchipont
2138;7387;Montignies-sur-Roc
2139;7387;Onnezies
2140;7387;Roisin
2141;7390;Quaregnon
2142;7390;Wasmuel
2143;7500;Ere
2144;7500;Saint-Maur
2145;7500;Tournai
2146;7501;Orcq
2147;7502;Esplechin
2148;7503;Froyennes
2149;7504;Froidmont
2150;7506;Willemeau
2151;7520;Ramegnies-Chin
2152;7520;Templeuve
2153;7521;Chercq
2154;7522;Blandain
2155;7522;Hertain
2156;7522;Lamain
2157;7522;Marquain
2158;7530;Gaurain-Ramecroix (Tournai)
2159;7531;Havinnes
2160;7532;Beclers
2161;7533;Thimougies
2162;7534;Barry
2163;7534;Maulde
2164;7536;Vaulx (Tournai)
2165;7538;Vezon
2166;7540;Kain
2167;7540;Melles
2168;7540;Quartes
2169;7540;Rumillies
2170;7542;Mont-Saint-Aubert
2171;7543;Mourcourt
2172;7548;Warchin
2173;7600;Péruwelz
2174;7601;Roucourt
2175;7602;Bury
2176;7603;Bon-Secours
2177;7604;Baugnies
2178;7604;Braffe
2179;7604;Brasmenil
2180;7604;Callenelle
2181;7604;Wasmes-Audemez-Briffoeil
2182;7608;Wiers
2183;7610;Rumes
2184;7611;La Glanerie
2185;7618;Taintignies
2186;7620;Bléharies
2187;7620;Brunehaut
2188;7620;Guignies
2189;7620;Hollain
2190;7620;Jollain-Merlin
2191;7620;Wez-Velvain
2192;7621;Lesdain
2193;7622;Laplaigne
2194;7623;Rongy
2195;7624;Howardries
2196;7640;Antoing
2197;7640;Maubray
2198;7640;Péronnes-lez-Antoing
2199;7641;Bruyelle
2200;7642;Calonne
2201;7643;Fontenoy
2202;7700;Luingne
2203;7700;Moeskroen
2204;7700;Mouscron
2205;7711;Dottenijs
2206;7711;Dottignies
2207;7712;Herseaux
2208;7730;Bailleul
2209;7730;Estaimbourg
2210;7730;Estaimpuis
2211;7730;Evregnies
2212;7730;Leers-Nord
2213;7730;Néchin
2214;7730;Saint-Léger (Ht.)
2215;7740;Pecq
2216;7740;Warcoing
2217;7742;Hérinnes-lez-Pecq
2218;7743;Esquelmes
2219;7743;Obigies
2220;7750;Amougies
2221;7750;Anseroeul
2222;7750;Mont-de-l'Enclus
2223;7750;Orroir
2224;7750;Russeignies
2225;7760;Celles (Ht.)
2226;7760;Escanaffles
2227;7760;Molenbaix
2228;7760;Popuelles
2229;7760;Pottes
2230;7760;Velaines
2231;7780;Comines
2232;7780;Comines-Warneton
2233;7780;Komen
2234;7780;Komen-Waasten
2235;7781;Houthem (Comines)
2236;7782;Ploegsteert
2237;7783;Bizet
2238;7784;Bas-Warneton
2239;7784;Neerwaasten
2240;7784;Waasten
2241;7784;Warneton
2242;7800;Ath
2243;7800;Lanquesaint
2244;7801;Irchonwelz
2245;7802;Ormeignies
2246;7803;Bouvignies
2247;7804;Ostiches
2248;7804;Rebaix
2249;7810;Maffle
2250;7811;Arbre (Ht.)
2251;7812;Houtaing
2252;7812;Ligne
2253;7812;Mainvault
2254;7812;Moulbaix
2255;7812;Villers-Notre-Dame
2256;7812;Villers-Saint-Amand
2257;7822;Ghislenghien
2258;7822;Isières
2259;7822;Meslin-l'Evêque
2260;7823;Gibecq
2261;7830;Bassilly
2262;7830;Fouleng
2263;7830;Gondregnies
2264;7830;Graty
2265;7830;Hellebecq
2266;7830;Hoves (Ht.)
2267;7830;Silly
2268;7830;Thoricourt
2269;7850;Edingen
2270;7850;Enghien
2271;7850;Lettelingen
2272;7850;Marcq
2273;7850;Mark
2274;7850;Petit-Enghien
2275;7860;Lessines
2276;7861;Papignies
2277;7861;Wannebecq
2278;7862;Ogy
2279;7863;Ghoy
2280;7864;Deux-Acren
2281;7866;Bois-de-Lessines
2282;7866;Ollignies
2283;7870;Bauffe
2284;7870;Cambron-Saint-Vincent
2285;7870;Lens
2286;7870;Lombise
2287;7870;Montignies-lez-Lens
2288;7880;Flobecq
2289;7880;Vloesberg
2290;7890;Ellezelles
2291;7890;Lahamaide
2292;7890;Wodecq
2293;7900;Grandmetz
2294;7900;Leuze-en-Hainaut
2295;7901;Thieulain
2296;7903;Blicquy
2297;7903;Chapelle-à-Oie
2298;7903;Chapelle-à-Wattines
2299;7904;Pipaix
2300;7904;Tourpes
2301;7904;Willaupuis
2302;7906;Gallaix
2303;7910;Anvaing
2304;7910;Arc-Ainières
2305;7910;Arc-Wattripont
2306;7910;Cordes
2307;7910;Ellignies-lez-Frasnes
2308;7910;Forest (Ht.)
2309;7910;Frasnes-lez-Anvaing
2310;7910;Wattripont
2311;7911;Buissenal
2312;7911;Frasnes-lez-Buissenal
2313;7911;Hacquegnies
2314;7911;Herquegies
2315;7911;Montroeul-au-Bois
2316;7911;Moustier (Ht.)
2317;7911;Oeudeghien
2318;7912;Dergneau
2319;7912;Saint-Sauveur
2320;7940;Brugelette
2321;7940;Cambron-Casteau
2322;7941;Attre
2323;7942;Mévergnies-lez-Lens
2324;7943;Gages
2325;7950;Chièvres
2326;7950;Grosage
2327;7950;Huissignies
2328;7950;Ladeuze
2329;7950;Tongre-Saint-Martin
2330;7951;Tongre-Notre-Dame
2331;7970;Beloeil
2332;7971;Basècles
2333;7971;Ramegnies
2334;7971;Thumaide
2335;7971;Wadelincourt
2336;7972;Aubechies
2337;7972;Ellignies-Sainte-Anne
2338;7972;Quevaucamps
2339;7973;Grandglise
2340;7973;Stambruges
2341;8000;Brugge
2342;8000;Koolkerke
2343;8020;Hertsberge
2344;8020;Oostkamp
2345;8020;Ruddervoorde
2346;8020;Waardamme
2347;8200;Sint-Andries
2348;8200;Sint-Michiels
2349;8210;Loppem
2350;8210;Veldegem
2351;8210;Zedelgem
2352;8211;Aartrijke
2353;8300;Knokke
2354;8300;Knokke-Heist
2355;8300;Westkapelle
2356;8301;Heist-aan-Zee
2357;8301;Ramskapelle (Knokke-Heist)
2358;8310;Assebroek
2359;8310;Sint-Kruis (Brugge)
2360;8340;Damme
2361;8340;Hoeke
2362;8340;Lapscheure
2363;8340;Moerkerke
2364;8340;Oostkerke (Damme)
2365;8340;Sijsele
2366;8370;Blankenberge
2367;8370;Uitkerke
2368;8377;Houtave
2369;8377;Meetkerke
2370;8377;Nieuwmunster
2371;8377;Zuienkerke
2372;8380;Dudzele
2373;8380;Lissewege
2374;8380;Zeebrugge (Brugge)
2375;8400;Oostende
2376;8400;Stene
2377;8400;Zandvoorde (Oostende)
2378;8420;De Haan
2379;8420;Klemskerke
2380;8420;Wenduine
2381;8421;Vlissegem
2382;8430;Middelkerke
2383;8431;Wilskerke
2384;8432;Leffinge
2385;8433;Mannekensvere
2386;8433;Schore
2387;8433;Sint-Pieters-Kapelle (W.-Vl.)
2388;8433;Slijpe
2389;8433;Spermalie
2390;8434;Lombardsijde
2391;8434;Westende
2392;8450;Bredene
2393;8460;Ettelgem
2394;8460;Oudenburg
2395;8460;Roksem
2396;8460;Westkerke
2397;8470;Gistel
2398;8470;Moere
2399;8470;Snaaskerke
2400;8470;Zevekote
2401;8480;Bekegem
2402;8480;Eernegem
2403;8480;Ichtegem
2404;8490;Jabbeke
2405;8490;Snellegem
2406;8490;Stalhille
2407;8490;Varsenare
2408;8490;Zerkegem
2409;8500;Kortrijk
2410;8501;Bissegem
2411;8501;Heule
2412;8510;Bellegem
2413;8510;Kooigem
2414;8510;Marke (Kortrijk)
2415;8510;Rollegem
2416;8511;Aalbeke
2417;8520;Kuurne
2418;8530;Harelbeke
2419;8531;Bavikhove
2420;8531;Hulste
2421;8540;Deerlijk
2422;8550;Zwevegem
2423;8551;Heestert
2424;8552;Moen
2425;8553;Otegem
2426;8554;Sint-Denijs
2427;8560;Gullegem
2428;8560;Moorsele
2429;8560;Wevelgem
2430;8570;Anzegem
2431;8570;Gijzelbrechtegem
2432;8570;Ingooigem
2433;8570;Vichte
2434;8572;Kaster
2435;8573;Tiegem
2436;8580;Avelgem
2437;8581;Kerkhove
2438;8581;Waarmaarde
2439;8582;Outrijve
2440;8583;Bossuit
2441;8587;Espierres
2442;8587;Espierres-Helchin
2443;8587;Helchin
2444;8587;Helkijn
2445;8587;Spiere
2446;8587;Spiere-Helkijn
2447;8600;Beerst
2448;8600;Diksmuide
2449;8600;Driekapellen
2450;8600;Esen
2451;8600;Kaaskerke
2452;8600;Keiem
2453;8600;Lampernisse
2454;8600;Leke
2455;8600;Nieuwkapelle
2456;8600;Oostkerke (Diksmuide)
2457;8600;Oudekapelle
2458;8600;Pervijze
2459;8600;Sint-Jacobs-Kapelle
2460;8600;Stuivekenskerke
2461;8600;Vladslo
2462;8600;Woumen
2463;8610;Handzame
2464;8610;Kortemark
2465;8610;Werken
2466;8610;Zarren
2467;8620;Nieuwpoort
2468;8620;Ramskapelle (Nieuwpoort)
2469;8620;Sint-Joris (Nieuwpoort)
2470;8630;Avekapelle
2471;8630;Beauvoorde
2472;8630;Booitshoeke
2473;8630;Bulskamp
2474;8630;De Moeren
2475;8630;Eggewaartskapelle
2476;8630;Houtem (W.-Vl.)
2477;8630;Steenkerke (W.-Vl.)
2478;8630;Veurne
2479;8630;Vinkem
2480;8630;Wulveringem
2481;8630;Zoutenaaie
2482;8640;Oostvleteren
2483;8640;Vleteren
2484;8640;Westvleteren
2485;8640;Woesten
2486;8647;Lo
2487;8647;Lo-Reninge
2488;8647;Noordschote
2489;8647;Pollinkhove
2490;8647;Reninge
2491;8650;Houthulst
2492;8650;Klerken
2493;8650;Merkem
2494;8660;Adinkerke
2495;8660;De Panne
2496;8670;Koksijde
2497;8670;Oostduinkerke
2498;8670;Wulpen
2499;8680;Bovekerke
2500;8680;Koekelare
2501;8680;Zande
2502;8690;Alveringem
2503;8690;Hoogstade
2504;8690;Oeren
2505;8690;Sint-Rijkers
2506;8691;Beveren-aan-den-Ijzer
2507;8691;Gijverinkhove
2508;8691;Izenberge
2509;8691;Leisele
2510;8691;Stavele
2511;8700;Aarsele
2512;8700;Kanegem
2513;8700;Schuiferskapelle
2514;8700;Tielt
2515;8710;Ooigem
2516;8710;Sint-Baafs-Vijve
2517;8710;Wielsbeke
2518;8720;Dentergem
2519;8720;Markegem
2520;8720;Oeselgem
2521;8720;Wakken
2522;8730;Beernem
2523;8730;Oedelem
2524;8730;Sint-Joris (Beernem)
2525;8740;Egem
2526;8740;Pittem
2527;8750;Wingene
2528;8750;Zwevezele
2529;8755;Ruiselede
2530;8760;Meulebeke
2531;8770;Ingelmunster
2532;8780;Oostrozebeke
2533;8790;Waregem
2534;8791;Beveren (Leie)
2535;8792;Desselgem
2536;8793;Sint-Eloois-Vijve
2537;8800;Beveren (Roeselare)
2538;8800;Oekene
2539;8800;Roeselare
2540;8800;Rumbeke
2541;8810;Lichtervelde
2542;8820;Torhout
2543;8830;Gits
2544;8830;Hooglede
2545;8840;Oostnieuwkerke
2546;8840;Staden
2547;8840;Westrozebeke
2548;8850;Ardooie
2549;8851;Koolskamp
2550;8860;Lendelede
2551;8870;Emelgem
2552;8870;Izegem
2553;8870;Kachtem
2554;8880;Ledegem
2555;8880;Rollegem-Kapelle
2556;8880;Sint-Eloois-Winkel
2557;8890;Dadizele
2558;8890;Moorslede
2559;8900;Brielen
2560;8900;Dikkebus
2561;8900;Ieper
2562;8900;Sint-Jan
2563;8902;Hollebeke
2564;8902;Voormezele
2565;8902;Zillebeke
2566;8904;Boezinge
2567;8904;Zuidschote
2568;8906;Elverdinge
2569;8908;Vlamertinge
2570;8920;Bikschote
2571;8920;Langemark
2572;8920;Langemark-Poelkapelle
2573;8920;Poelkapelle
2574;8930;Lauwe
2575;8930;Menen
2576;8930;Rekkem
2577;8940;Geluwe
2578;8940;Wervik
2579;8950;Heuvelland
2580;8950;Nieuwkerke
2581;8951;Dranouter
2582;8952;Wulvergem
2583;8953;Wijtschate
2584;8954;Westouter
2585;8956;Kemmel
2586;8957;Mesen
2587;8957;Messines
2588;8958;Loker
2589;8970;Poperinge
2590;8970;Reningelst
2591;8972;Krombeke
2592;8972;Proven
2593;8972;Roesbrugge-Haringe
2594;8978;Watou
2595;8980;Beselare
2596;8980;Geluveld
2597;8980;Passendale
2598;8980;Zandvoorde (Zonnebeke)
2599;8980;Zonnebeke
2600;9000;Gent
2601;9030;Mariakerke (Gent)
2602;9031;Drongen
2603;9032;Wondelgem
2604;9040;Sint-Amandsberg (Gent)
2605;9041;Oostakker
2606;9042;Desteldonk
2607;9042;Mendonk
2608;9042;Sint-Kruis-Winkel
2609;9050;Gentbrugge
2610;9050;Ledeberg (Gent)
2611;9051;Afsnee
2612;9051;Sint-Denijs-Westrem
2613;9052;Zwijnaarde
2614;9060;Zelzate
2615;9070;Destelbergen
2616;9070;Heusden (O.-Vl.)
2617;9080;Beervelde
2618;9080;Lochristi
2619;9080;Zaffelare
2620;9080;Zeveneken
2621;9090;Gontrode
2622;9090;Melle
2623;9100;Nieuwkerken-Waas
2624;9100;Sint-Niklaas
2625;9111;Belsele (Sint-Niklaas)
2626;9112;Sinaai-Waas
2627;9120;Beveren-Waas
2628;9120;Haasdonk
2629;9120;Kallo (Beveren-Waas)
2630;9120;Melsele
2631;9120;Vrasene
2632;9130;Doel
2633;9130;Kallo (Kieldrecht)
2634;9130;Kieldrecht (Beveren)
2635;9130;Verrebroek
2636;9140;Elversele
2637;9140;Steendorp
2638;9140;Temse
2639;9140;Tielrode
2640;9150;Bazel
2641;9150;Kruibeke
2642;9150;Rupelmonde
2643;9160;Daknam
2644;9160;Eksaarde
2645;9160;Lokeren
2646;9170;De Klinge
2647;9170;Meerdonk
2648;9170;Sint-Gillis-Waas
2649;9170;Sint-Pauwels
2650;9180;Moerbeke-Waas
2651;9185;Wachtebeke
2652;9190;Kemzeke
2653;9190;Stekene
2654;9200;Appels
2655;9200;Baasrode
2656;9200;Dendermonde
2657;9200;Grembergen
2658;9200;Mespelare
2659;9200;Oudegem
2660;9200;Schoonaarde
2661;9200;Sint-Gillis-bij-Dendermonde
2662;9220;Hamme (O.-Vl.)
2663;9220;Moerzeke
2664;9230;Massemen
2665;9230;Westrem
2666;9230;Wetteren
2667;9240;Zele
2668;9250;Waasmunster
2669;9255;Buggenhout
2670;9255;Opdorp
2671;9260;Schellebelle
2672;9260;Serskamp
2673;9260;Wichelen
2674;9270;Kalken
2675;9270;Laarne
2676;9280;Denderbelle
2677;9280;Lebbeke
2678;9280;Wieze
2679;9290;Berlare
2680;9290;Overmere
2681;9290;Uitbergen
2682;9300;Aalst
2683;9308;Gijzegem
2684;9308;Hofstade (O.-Vl.)
2685;9310;Baardegem
2686;9310;Herdersem
2687;9310;Meldert (O.-Vl.)
2688;9310;Moorsel
2689;9320;Erembodegem (Aalst)
2690;9320;Nieuwerkerken (Aalst)
2691;9340;Impe
2692;9340;Lede
2693;9340;Oordegem
2694;9340;Smetlede
2695;9340;Wanzele
2696;9400;Appelterre-Eichem
2697;9400;Denderwindeke
2698;9400;Lieferinge
2699;9400;Nederhasselt
2700;9400;Ninove
2701;9400;Okegem
2702;9400;Voorde
2703;9401;Pollare
2704;9402;Meerbeke
2705;9403;Neigem
2706;9404;Aspelare
2707;9406;Outer
2708;9420;Aaigem
2709;9420;Bambrugge
2710;9420;Burst
2711;9420;Erondegem
2712;9420;Erpe
2713;9420;Erpe-Mere
2714;9420;Mere
2715;9420;Ottergem
2716;9420;Vlekkem
2717;9450;Denderhoutem
2718;9450;Haaltert
2719;9450;Heldergem
2720;9451;Kerksken
2721;9470;Denderleeuw
2722;9472;Iddergem
2723;9473;Welle
2724;9500;Geraardsbergen
2725;9500;Goeferdinge
2726;9500;Moerbeke
2727;9500;Nederboelare
2728;9500;Onkerzele
2729;9500;Ophasselt
2730;9500;Overboelare
2731;9500;Viane
2732;9500;Zarlardinge
2733;9506;Grimminge
2734;9506;Idegem
2735;9506;Nieuwenhove
2736;9506;Schendelbeke
2737;9506;Smeerebbe-Vloerzegem
2738;9506;Waarbeke
2739;9506;Zandbergen
2740;9520;Bavegem
2741;9520;Sint-Lievens-Houtem
2742;9520;Vlierzele
2743;9520;Zonnegem
2744;9521;Letterhoutem
2745;9550;Herzele
2746;9550;Hillegem
2747;9550;Sint-Antelinks
2748;9550;Sint-Lievens-Esse
2749;9550;Steenhuize-Wijnhuize
2750;9550;Woubrechtegem
2751;9551;Ressegem
2752;9552;Borsbeke
2753;9570;Deftinge
2754;9570;Lierde
2755;9570;Sint-Maria-Lierde
2756;9571;Hemelveerdegem
2757;9572;Sint-Martens-Lierde
2758;9600;Renaix
2759;9600;Ronse
2760;9620;Elene
2761;9620;Erwetegem
2762;9620;Godveerdegem
2763;9620;Grotenberge
2764;9620;Leeuwergem
2765;9620;Oombergen (Zottegem)
2766;9620;Sint-Goriks-Oudenhove
2767;9620;Sint-Maria-Oudenhove (Zottegem)
2768;9620;Strijpen
2769;9620;Velzeke-Ruddershove
2770;9620;Zottegem
2771;9630;Beerlegem
2772;9630;Dikkele
2773;9630;Hundelgem
2774;9630;Meilegem
2775;9630;Munkzwalm
2776;9630;Paulatem
2777;9630;Roborst
2778;9630;Rozebeke
2779;9630;Sint-Blasius-Boekel
2780;9630;Sint-Denijs-Boekel
2781;9630;Sint-Maria-Latem
2782;9630;Zwalm
2783;9636;Nederzwalm-Hermelgem
2784;9660;Brakel
2785;9660;Elst
2786;9660;Everbeek
2787;9660;Michelbeke
2788;9660;Nederbrakel
2789;9660;Opbrakel
2790;9660;Zegelsem
2791;9661;Parike
2792;9667;Horebeke
2793;9667;Sint-Kornelis-Horebeke
2794;9667;Sint-Maria-Horebeke
2795;9680;Etikhove
2796;9680;Maarkedal
2797;9680;Maarke-Kerkem
2798;9681;Nukerke
2799;9688;Schorisse
2800;9690;Berchem (O.-Vl.)
2801;9690;Kluisbergen
2802;9690;Kwaremont
2803;9690;Ruien
2804;9690;Zulzeke
2805;9700;Bevere
2806;9700;Edelare
2807;9700;Eine
2808;9700;Ename
2809;9700;Heurne
2810;9700;Leupegem
2811;9700;Mater
2812;9700;Melden
2813;9700;Mullem
2814;9700;Nederename
2815;9700;Oudenaarde
2816;9700;Volkegem
2817;9700;Welden
2818;9750;Huise
2819;9750;Ouwegem
2820;9750;Zingem
2821;9770;Kruishoutem
2822;9771;Nokere
2823;9772;Wannegem-Lede
2824;9790;Elsegem
2825;9790;Moregem
2826;9790;Ooike (Wortegem-Petegem)
2827;9790;Petegem-aan-de-Schelde
2828;9790;Wortegem
2829;9790;Wortegem-Petegem
2830;9800;Astene
2831;9800;Bachte-Maria-Leerne
2832;9800;Deinze
2833;9800;Gottem
2834;9800;Grammene
2835;9800;Meigem
2836;9800;Petegem-aan-de-Leie
2837;9800;Sint-Martens-Leerne
2838;9800;Vinkt
2839;9800;Wontergem
2840;9800;Zeveren
2841;9810;Eke
2842;9810;Nazareth
2843;9820;Bottelare
2844;9820;Lemberge
2845;9820;Melsen
2846;9820;Merelbeke
2847;9820;Munte
2848;9820;Schelderode
2849;9830;Sint-Martens-Latem
2850;9831;Deurle
2851;9840;De Pinte
2852;9840;Zevergem
2853;9850;Hansbeke
2854;9850;Landegem
2855;9850;Merendree
2856;9850;Nevele
2857;9850;Poesele
2858;9850;Vosselare
2859;9860;Balegem
2860;9860;Gijzenzele
2861;9860;Landskouter
2862;9860;Moortsele
2863;9860;Oosterzele
2864;9860;Scheldewindeke
2865;9870;Machelen (O.-Vl.)
2866;9870;Olsene
2867;9870;Zulte
2868;9880;Aalter
2869;9880;Lotenhulle
2870;9880;Poeke
2871;9881;Bellem
2872;9890;Asper
2873;9890;Baaigem
2874;9890;Dikkelvenne
2875;9890;Gavere
2876;9890;Semmerzake
2877;9890;Vurste
2878;9900;Eeklo
2879;9910;Knesselare
2880;9910;Ursel
2881;9920;Lovendegem
2882;9921;Vinderhoute
2883;9930;Zomergem
2884;9931;Oostwinkel
2885;9932;Ronsele
2886;9940;Ertvelde
2887;9940;Evergem
2888;9940;Kluizen
2889;9940;Sleidinge
2890;9950;Waarschoot
2891;9960;Assenede
2892;9961;Boekhoute
2893;9968;Bassevelde
2894;9968;Oosteeklo
2895;9970;Kaprijke
2896;9971;Lembeke
2897;9980;Sint-Laureins
2898;9981;Sint-Margriete
2899;9982;Sint-Jan-in-Eremo
2900;9988;Waterland-Oudeman
2901;9988;Watervliet
2902;9990;Maldegem
2903;9991;Adegem
2904;9992;Middelburg
